{"mean": [3.0, 10.384615384615385, 166.19230769230768, 0.0], "scale": [1.4142135623730951, 9.08539370078286, 155.90678162354908, 60.80158368978164]}